Date,Cape 5yr,PMX 5yr,SMX 5yr,Cape NB,PMX NB,SMX NB
2003-09-16,33.379,19.168,,,,
2003-10-01,35.714,19.744,,,,
2003-10-16,39.369,22.163,,,,
2003-11-03,41.948,24.896,,,,
2003-11-17,43.225,24.844,,,,
2003-12-01,43.988,25.406,,,,
2003-12-16,45.084,27.166,,,,
2004-01-02,45.963,27.969,,,,
2004-01-16,56.35,31.438,,,,
2004-02-02,60.2,34.163,,,,
2004-02-16,61.286,34.571,,,,
2004-02-18,61.286,34.571,,,,
2004-03-01,61.331,36.331,,,,
2004-03-02,61.331,36.331,,,,
2004-03-03,61.331,36.331,,,,
2004-03-15,61.331,36.331,,,,
2004-03-16,61.5,36.356,,,,
2004-03-18,61.5,36.356,,,,
2004-04-01,60.808,36.915,,,,
2004-04-02,60.808,36.915,,,,
2004-04-16,60.417,36.677,,,,
2004-04-20,60.417,36.677,,,,
2004-05-02,58.604,35.143,,,,
2004-05-04,58.604,35.143,,,,
2004-05-06,58.604,35.143,,,,
2004-05-16,54.771,32.68,,,,
2004-05-17,54.434,32.288,,,,
2004-05-18,55.333,33.333,,,,
2004-05-19,54.771,32.68,,,,
2004-06-01,52.046,30.488,,,,
2004-06-02,52.046,30.488,,,,
2004-06-15,45.0,24.75,,,,
2004-06-16,47.138,26.944,,,,
2004-07-01,46.531,26.735,,,,
2004-07-02,46.531,26.735,,,,
2004-07-16,50.188,28.9,,,,
2004-08-02,51.563,29.875,25.393,,,
2004-08-09,52.071,30.393,25.464,,,
2004-08-10,52.063,30.469,25.469,,,
2004-08-16,52.981,31.616,25.769,,,
2004-08-23,55.156,33.019,25.994,,,
2004-08-31,55.602,33.797,26.422,,,
2004-09-06,55.971,33.914,26.786,,,
2004-09-07,55.975,33.863,26.719,,,
2004-09-13,56.113,34.021,27.208,,,
2004-09-20,56.2,34.169,27.644,,,
2004-09-21,56.2,34.169,27.644,,,
2004-09-27,56.209,34.319,27.72,,,
2004-09-28,56.209,34.319,27.72,,,
2004-10-05,56.488,34.356,28.0,,,
2004-10-12,56.659,34.554,28.181,,,
2004-10-19,56.625,34.938,28.25,,,
2004-10-25,57.083,35.278,28.478,,,
2004-11-01,57.417,36.16,29.083,,,
2004-11-08,58.267,36.872,29.444,,,
2004-11-15,62.019,37.427,29.901,,,
2004-11-22,63.233,37.751,30.288,,,
2004-11-29,64.004,39.098,30.621,,,
2004-12-06,64.656,39.489,30.756,,,
2004-12-13,65.415,39.9,30.75,,,
2004-12-21,64.903,39.742,30.618,,,
2005-01-04,64.478,39.639,30.451,,,
2005-01-10,64.826,39.983,30.569,,,
2005-01-17,65.228,40.32,30.783,,,
2005-01-24,65.409,40.537,30.986,,,
2005-01-31,65.722,41.517,31.88,,,
2005-02-07,65.767,41.922,31.994,,,
2005-02-14,67.586,43.228,32.409,,,
2005-02-22,70.473,44.694,32.667,,,
2005-02-28,71.622,44.928,33.128,,,
2005-03-07,72.047,45.167,33.874,,,
2005-03-14,72.419,45.72,34.606,,,
2005-03-21,72.454,46.17,34.626,,,
2005-03-29,72.411,46.259,34.644,,,
2005-04-04,72.556,46.341,34.891,,,
2005-04-11,73.422,46.661,35.094,,,
2005-04-18,73.61,46.563,35.25,,,
2005-04-25,73.483,46.328,35.033,,,
2005-05-03,73.063,45.869,34.919,,,
2005-05-09,72.553,45.539,34.761,,,
2005-05-16,72.256,45.32,34.623,,,
2005-05-23,71.101,44.648,34.334,,,
2005-05-31,70.0,43.889,33.833,,,
2005-06-06,69.491,43.202,33.322,,,
2005-06-13,68.82,42.472,32.926,,,
2005-06-20,67.483,41.593,32.584,,,
2005-06-27,67.35,41.425,32.405,,,
2005-07-04,67.003,41.063,32.025,,,
2005-07-11,66.635,40.622,31.655,,,
2005-07-18,66.222,40.013,31.303,,,
2005-07-25,65.336,39.43,30.608,,,
2005-08-01,64.245,38.607,29.85,,,
2005-08-08,63.8,38.267,29.58,,,
2005-08-15,63.181,37.794,29.363,,,
2005-08-22,62.959,37.722,29.15,,,
2005-08-30,62.613,37.405,28.988,,,
2005-09-05,61.863,36.747,28.73,,,
2005-09-12,61.608,36.628,28.78,,,
2005-09-19,61.601,36.417,28.856,,,
2005-09-26,61.51,36.6,29.523,,,
2005-10-03,61.31,36.455,29.485,,,
2005-10-10,61.153,36.4,29.748,,,
2005-10-17,61.228,36.537,29.97,,,
2005-10-24,61.075,36.435,29.84,,,
2005-10-31,61.093,36.258,29.735,,,
2005-11-07,60.818,35.925,29.065,,,
2005-11-14,60.24,34.425,28.48,,,
2005-11-21,59.883,33.763,28.283,,,
2005-11-28,59.5,32.482,28.06,,,
2005-12-05,59.0,31.583,27.78,,,
2005-12-12,58.642,30.707,27.173,,,
2005-12-19,57.55,29.805,26.433,,,
2006-01-03,57.067,29.465,26.116,,,
2006-01-09,56.917,29.339,26.194,,,
2006-01-16,56.605,29.19,26.098,,,
2006-01-23,55.48,28.798,25.77,,,
2006-01-30,54.976,28.585,25.571,,,
2006-02-06,54.337,28.617,25.605,,,
2006-02-13,53.965,28.64,25.643,,,
2006-02-20,54.043,29.018,25.998,,,
2006-02-27,53.98,29.26,26.905,,,
2006-03-06,53.888,29.68,27.63,,,
2006-03-13,53.818,29.788,27.725,,,
2006-03-20,53.55,29.878,27.705,,,
2006-03-27,53.842,30.328,28.313,,,
2006-04-03,54.365,31.686,29.194,,,
2006-04-10,54.473,32.041,29.445,,,
2006-04-18,54.5,32.05,29.55,,,
2006-04-24,54.466,32.403,29.523,,,
2006-05-02,54.555,32.633,29.611,,,
2006-05-08,54.682,32.373,29.65,,,
2006-05-15,56.041,32.448,29.909,,,
2006-05-22,56.166,32.45,30.005,,,
2006-05-30,56.166,32.603,30.085,,,
2006-06-05,55.944,32.533,30.111,,,
2006-06-12,56.253,32.81,30.378,,,
2006-06-19,56.386,32.963,30.639,,,
2006-06-26,56.775,33.184,31.184,,,
2006-07-03,57.655,33.709,31.627,,,
2006-07-10,57.963,33.953,32.075,,,
2006-07-17,58.233,34.458,32.333,,,
2006-07-24,58.6,34.621,32.432,,,
2006-07-31,59.416,35.985,33.024,,,
2006-08-07,61.595,37.295,33.595,,,
2006-08-14,64.557,38.5,34.082,,,
2006-08-21,72.6,40.95,34.8,,,
2006-08-29,73.136,41.152,35.061,,,
2006-09-04,73.347,41.32,35.202,,,
2006-09-11,74.841,42.455,35.989,,,
2006-09-18,75.58,42.904,36.465,,,
2006-09-25,76.073,43.712,38.077,,,
2006-10-02,76.485,44.227,38.453,,,
2006-10-09,76.72,44.395,38.85,,,
2006-10-16,76.727,44.409,38.986,,,
2006-10-23,77.118,44.666,39.303,,,
2006-10-30,77.205,44.666,39.43,,,
2006-11-06,77.232,44.735,39.507,,,
2006-11-13,77.495,44.672,39.55,,,
2006-11-20,78.139,44.67,39.575,,,
2006-11-27,78.725,44.89,39.638,,,
2006-12-04,80.091,44.877,39.944,,,
2006-12-11,80.037,45.276,40.172,,,
2006-12-18,80.326,45.471,40.381,,,
2007-01-02,80.55,45.665,40.62,,,
2007-01-08,81.125,45.988,40.848,,,
2007-01-15,81.625,46.592,41.333,,,
2007-01-22,81.834,46.884,41.405,,,
2007-01-29,82.662,47.462,41.697,,,
2007-02-05,83.285,47.803,41.816,,,
2007-02-12,84.675,48.3,42.143,,,
2007-02-19,84.886,48.547,42.364,,,
2007-02-26,85.33,48.861,43.246,,,
2007-03-05,88.651,49.505,43.759,,,
2007-03-12,90.4,49.727,44.077,,,
2007-03-19,91.525,50.013,44.268,,,
2007-03-26,92.05,50.33,44.745,,,
2007-04-02,92.409,50.507,44.986,,,
2007-04-10,93.386,50.679,45.23,,,
2007-04-16,94.394,50.944,45.48,,,
2007-04-23,95.325,52.067,46.628,,,
2007-04-30,97.031,52.875,47.969,,,
2007-05-08,98.75,54.025,49.775,,,
2007-05-14,100.864,56.677,52.909,,,
2007-05-21,101.807,57.559,53.944,,,
2007-05-29,102.173,58.056,54.211,,,
2007-06-04,102.512,57.921,54.15,,,
2007-06-11,102.455,57.985,54.147,,,
2007-06-18,102.375,58.19,54.44,,,
2007-06-25,102.398,58.414,54.641,,,
2007-07-02,102.986,58.652,54.916,,,
2007-07-09,104.5,59.832,55.273,,,
2007-07-16,105.997,64.683,56.525,,,
2007-07-23,106.697,65.205,56.95,,,
2007-07-30,107.636,69.745,57.636,,,
2007-08-06,109.455,71.564,58.312,,,
2007-08-13,111.064,72.903,58.766,,,
2007-08-20,112.544,73.335,60.021,,,
2007-08-28,114.333,73.775,60.617,,,
2007-09-03,116.583,74.433,62.5,,,
2007-09-10,119.409,75.427,63.473,,,
2007-09-17,123.375,77.975,67.4,,,
2007-09-24,128.05,79.0,68.975,,,
2007-10-01,131.182,80.273,69.686,,,
2007-10-08,132.217,80.592,69.93,,,
2007-10-15,134.636,81.879,70.716,,,
2007-10-22,135.28,82.694,71.141,,,
2007-10-29,135.836,84.145,72.732,,,
2007-11-05,136.125,85.738,73.488,,,
2007-11-12,136.955,87.515,74.556,,,
2007-11-19,149.318,90.545,75.364,,,
2007-11-26,149.478,90.571,75.433,,,
2007-12-03,149.255,90.696,74.968,,,
2007-12-10,149.364,90.72,75.007,,,
2007-12-17,149.864,90.605,74.741,,,
2007-12-24,150.639,90.417,74.931,,,
2008-01-07,149.982,90.001,75.026,,,
2008-01-14,148.85,89.135,74.711,,,
2008-01-21,144.066,85.818,71.382,,,
2008-01-28,140.505,82.782,68.427,,,
2008-02-04,139.886,81.886,67.995,,,
2008-02-11,139.4,81.038,67.638,,,
2008-02-18,139.718,81.318,68.023,,,
2008-02-25,139.545,81.318,68.073,,,
2008-03-03,139.788,81.545,68.566,,,
2008-03-10,142.742,81.65,68.033,,,
2008-03-17,143.736,81.816,68.191,,,
2008-03-25,144.0,81.741,68.475,,,
2008-03-31,144.353,81.991,68.523,,,
2008-04-07,144.453,82.061,69.111,,,
2008-04-14,144.682,82.214,69.922,,,
2008-04-21,145.355,83.105,70.905,,,
2008-04-28,145.503,83.332,71.165,,,
2008-05-06,149.483,83.47,71.375,,,
2008-05-12,151.0,83.697,71.429,,,
2008-05-19,151.834,84.768,72.035,,,
2008-05-27,152.895,85.402,72.057,,,
2008-06-02,153.1,86.395,72.14,,,
2008-06-09,153.273,86.402,72.293,,,
2008-06-16,153.045,86.921,72.25,,,
2008-06-23,153.106,88.166,72.579,,,
2008-06-30,153.121,88.257,72.552,,,
2008-07-07,153.091,88.318,72.9,,,
2008-07-14,153.45,88.375,73.067,,,
2008-07-21,153.475,88.425,73.05,,,
2008-07-28,153.795,88.609,73.05,,,
2008-08-04,153.723,88.564,73.023,,,
2008-08-11,153.64,88.409,72.962,,,
2008-08-18,153.625,88.548,72.947,,,
2008-08-26,153.225,88.275,72.767,,,
2008-09-01,152.692,88.2,72.215,,,
2008-09-08,151.25,87.334,71.144,,,
2008-09-15,149.667,86.2,70.225,,,
2008-09-22,145.743,83.988,67.845,,,
2008-09-29,133.227,77.455,61.75,,,
2008-10-06,121.394,70.939,56.273,,,
2008-10-13,108.0,65.0,51.875,,,
2008-10-20,81.778,49.222,41.033,,,
2008-10-27,68.778,41.056,35.167,,,
2008-11-03,63.375,37.106,31.563,,,
2008-11-10,51.889,28.037,25.314,,,
2008-11-17,49.2,28.283,25.383,,,
2008-11-24,47.556,27.926,25.37,,,
2008-12-01,46.45,27.55,24.7,,,
2008-12-08,46.111,27.306,24.261,,,
2008-12-15,45.563,27.15,24.075,,,
2008-12-22,45.533,27.308,24.067,,,
2009-01-05,45.938,27.531,24.4,,,
2009-01-12,44.297,27.463,24.176,,,
2009-01-19,44.338,28.2,24.558,,,
2009-01-26,44.23,28.14,24.54,,,
2009-02-02,44.292,28.242,25.13,,,
2009-02-09,48.53,29.445,26.02,,,
2009-02-16,48.875,29.395,25.875,,,
2009-02-23,48.833,29.333,25.992,,,
2009-03-02,49.194,29.5,25.903,,,
2009-03-09,49.663,29.615,25.913,,,
2009-03-16,49.108,29.343,25.75,,,
2009-03-23,48.623,29.243,25.63,,,
2009-03-30,48.294,29.269,25.461,,,
2009-04-06,48.34,29.102,25.19,,,
2009-04-14,48.361,28.861,25.111,,,
2009-04-20,48.459,28.722,25.22,,,
2009-04-27,48.243,28.61,25.08,,,
2009-05-05,48.153,28.653,25.014,,,
2009-05-11,48.75,29.035,25.172,,,
2009-05-18,49.175,29.67,25.325,,,
2009-05-26,49.64,30.343,25.556,,,
2009-06-01,52.626,31.393,26.633,,,
2009-06-08,53.82,33.139,27.264,,,
2009-06-15,54.1,34.34,27.4,,,
2009-06-22,54.3,34.733,27.5,,,
2009-06-29,55.224,34.887,27.692,,,
2009-07-06,55.466,34.973,27.924,,,
2009-07-13,55.978,35.078,27.98,,,
2009-07-20,56.094,35.119,28.02,,,
2009-07-27,56.275,35.15,28.245,,,
2009-08-03,56.38,35.1,28.444,,,
2009-08-10,56.215,34.963,28.22,,,
2009-08-17,56.63,35.09,28.812,,,
2009-08-24,56.923,34.99,28.9,,,
2009-09-01,57.073,34.83,29.068,,,
2009-09-07,57.128,34.734,28.943,,,
2009-09-14,57.198,34.694,28.963,,,
2009-09-21,56.469,34.369,28.896,,,
2009-09-28,55.93,34.147,28.643,,,
2009-10-05,53.583,33.542,27.514,,,
2009-10-12,52.2,32.163,26.853,,,
2009-10-19,51.66,31.817,26.478,,,
2009-10-26,51.738,31.866,26.65,,,
2009-11-02,51.705,31.626,26.696,,,
2009-11-09,51.767,31.628,26.809,,,
2009-11-16,52.392,32.283,27.139,,,
2009-11-23,52.829,32.959,27.231,,,
2009-11-30,52.983,32.935,27.281,,,
2009-12-07,53.07,32.898,27.335,,,
2009-12-14,53.132,33.339,27.371,,,
2009-12-21,53.015,33.424,27.308,,,
2010-01-04,53.29,33.849,27.553,,,
2010-01-11,53.659,34.173,28.081,,,
2010-01-18,53.86,34.538,28.301,,,
2010-01-25,54.183,34.848,28.361,,,
2010-02-01,54.358,34.978,28.43,,,
2010-02-08,54.581,35.474,28.838,,,
2010-02-15,54.901,35.735,29.066,,,
2010-02-22,55.03,35.998,29.336,,,
2010-03-01,55.321,36.168,29.504,,,
2010-03-08,58.355,36.384,29.64,,,
2010-03-15,59.328,36.925,29.848,,,
2010-03-22,60.156,37.187,29.998,,,
2010-03-29,60.322,37.298,30.026,,,
2010-04-06,60.574,37.643,30.125,,,
2010-04-12,60.524,38.35,30.414,,,
2010-04-19,60.66,38.55,30.519,,,
2010-04-26,60.567,38.722,30.514,,,
2010-05-04,60.406,38.863,30.579,,,
2010-05-10,60.588,38.982,30.714,,,
2010-05-17,60.977,39.204,30.767,,,
2010-05-24,61.199,39.314,30.94,,,
2010-06-01,61.355,39.595,31.161,,,
2010-06-07,61.41,40.158,31.496,,,
2010-06-14,61.42,40.351,31.834,,,
2010-06-21,61.03,40.297,31.798,,,
2010-06-28,60.603,40.127,31.808,,,
2010-07-05,59.948,39.902,31.746,,,
2010-07-12,59.328,39.362,31.601,,,
2010-07-19,58.067,38.256,31.04,,,
2010-07-26,57.702,37.913,30.768,,,
2010-08-02,57.427,37.888,30.718,,,
2010-08-09,57.163,37.893,30.7,,,
2010-08-16,57.338,38.03,30.839,,,
2010-08-23,57.295,38.14,30.85,,,
2010-08-31,57.259,38.394,30.987,,,
2010-09-06,56.944,38.639,31.072,,,
2010-09-13,56.375,39.383,31.467,,,
2010-09-20,56.017,39.578,31.9,,,
2010-09-27,55.667,39.582,32.253,,,
2010-10-04,55.3,39.525,32.37,,,
2010-10-11,55.389,39.503,32.479,,,
2010-10-18,55.449,39.384,32.538,,,
2010-10-25,55.499,39.364,32.434,,,
2010-11-01,55.819,39.32,32.283,,,
2010-11-08,55.621,39.209,32.396,,,
2010-11-15,55.361,39.141,32.678,,,
2010-11-22,55.175,38.92,32.536,,,
2010-11-29,54.91,38.766,32.463,,,
2010-12-06,54.681,38.494,32.315,,,
2010-12-13,54.073,38.121,31.912,,,
2010-12-20,53.208,37.83,31.267,,,
2011-01-04,52.655,37.315,30.775,,,
2011-01-10,51.983,36.979,30.412,,,
2011-01-17,51.245,36.633,30.145,,,
2011-01-24,50.431,35.876,29.794,,,
2011-01-31,49.35,35.038,29.175,,,
2011-02-07,48.99,34.523,29.05,,,
2011-02-14,48.675,34.223,28.65,,,
2011-02-21,48.15,33.87,28.545,,,
2011-02-28,47.867,33.543,28.401,,,
2011-03-07,47.439,33.478,28.467,,,
2011-03-14,47.508,33.548,28.483,,,
2011-03-21,47.361,33.5,28.467,,,
2011-03-28,47.145,33.358,28.283,,,
2011-04-04,47.04,33.353,28.188,,,
2011-04-11,46.826,33.159,27.953,,,
2011-04-18,46.333,32.975,27.893,,,
2011-04-26,45.775,32.65,27.818,,,
2011-05-03,45.43,32.485,27.725,,,
2011-05-09,45.13,32.39,27.695,,,
2011-05-16,44.611,31.7,27.681,,,
2011-05-23,44.363,31.458,27.568,,,
2011-05-31,43.906,31.287,27.509,,,
2011-06-06,43.554,31.209,27.589,,,
2011-06-13,43.438,30.988,27.614,,,
2011-06-20,42.944,30.878,27.507,,,
2011-06-27,42.895,30.88,27.53,,,
2011-07-04,42.547,30.55,27.392,,,
2011-07-11,42.14,30.21,26.967,,,
2011-07-18,41.948,30.146,26.797,,,
2011-07-25,41.225,29.9,26.45,,,
2011-08-01,40.972,29.632,26.389,,,
2011-08-08,40.62,29.531,26.28,,,
2011-08-15,39.906,29.219,26.063,,,
2011-08-22,38.982,28.631,25.819,,,
2011-08-30,38.343,28.275,25.655,,,
2011-09-05,38.05,28.094,25.578,,,
2011-09-12,37.963,28.038,25.538,,,
2011-09-19,37.537,27.766,25.532,,,
2011-09-26,37.419,27.554,25.465,,,
2011-10-03,37.491,27.491,25.298,,,
2011-10-10,37.386,27.106,25.164,,,
2011-10-17,37.396,27.05,25.131,,,
2011-10-24,37.495,27.1,25.13,,,
2011-10-31,37.235,27.075,25.198,,,
2011-11-07,37.228,27.121,25.16,,,
2011-11-14,37.21,26.985,25.15,,,
2011-11-21,37.21,26.765,25.125,,,
2011-11-28,36.95,26.435,25.07,,,
2011-12-05,36.79,26.412,25.002,,,
2011-12-12,36.303,26.262,24.929,,,
2011-12-19,36.133,26.254,24.924,,,
2012-01-03,36.189,26.25,25.011,,,
2012-01-09,36.154,26.209,24.981,,,
2012-01-16,35.953,26.007,24.856,,,
2012-01-23,35.728,25.847,24.761,,,
2012-01-30,35.563,25.67,24.49,,,
2012-02-06,35.135,24.936,23.743,,,
2012-02-13,35.098,24.894,23.69,,,
2012-02-20,35.053,24.798,23.533,,,
2012-02-27,35.02,24.746,23.487,,,
2012-03-05,34.816,24.412,23.286,,,
2012-03-12,34.664,24.085,22.948,,,
2012-03-19,34.527,24.01,22.692,,,
2012-03-26,34.365,23.734,22.498,,,
2012-04-02,34.125,23.513,22.363,,,
2012-04-10,34.163,23.567,22.346,,,
2012-04-16,34.136,23.409,22.241,,,
2012-04-23,33.983,23.321,22.041,,,
2012-04-30,34.008,23.401,22.893,,,
2012-05-08,34.008,23.401,22.908,,,
2012-05-14,33.983,23.396,22.898,,,
2012-05-21,33.866,23.362,22.752,,,
2012-05-28,34.035,23.404,22.684,,,
2012-06-06,33.857,23.33,22.668,,,
2012-06-11,33.902,23.306,22.648,,,
2012-06-18,33.832,23.233,22.511,,,
2012-06-25,33.757,23.126,22.368,,,
2012-07-02,33.405,22.808,21.962,,,
2012-07-09,33.097,22.658,21.817,,,
2012-07-16,32.822,22.508,21.569,,,
2012-07-23,32.469,22.336,21.347,,,
2012-07-30,32.228,22.181,21.135,,,
2012-08-06,32.105,22.142,21.008,,,
2012-08-13,32.056,22.13,21.037,,,
2012-08-20,31.68,21.915,20.71,,,
2012-08-28,31.53,21.765,20.535,,,
2012-09-03,31.328,21.617,20.306,,,
2012-09-10,31.233,21.287,20.2,,,
2012-09-17,30.874,21.068,20.194,,,
2012-09-24,30.776,20.965,20.001,,,
2012-10-01,30.444,20.404,19.592,,,
2012-10-08,30.475,20.414,19.543,,,
2012-10-15,30.408,20.325,19.463,,,
2012-10-22,30.324,20.124,19.37,,,
2012-10-29,30.143,19.831,19.167,,,
2012-11-05,30.103,19.66,18.946,,,
2012-11-12,30.019,19.223,18.616,,,
2012-11-19,30.029,18.568,18.333,,,
2012-11-26,29.89,18.493,18.242,,,
2012-12-03,29.835,18.468,18.141,,,
2012-12-10,29.817,18.491,18.094,,,
2012-12-17,29.76,18.309,17.994,,,
2012-12-24,29.705,18.28,18.08,,,
2013-01-02,29.482,18.118,17.872,,,
2013-01-07,29.864,18.373,18.028,,,
2013-01-14,29.853,18.388,18.044,,,
2013-01-21,29.802,18.413,18.187,,,
2013-01-28,29.655,18.464,18.158,,,
2013-02-04,29.609,18.472,18.158,,,
2013-02-11,29.71,18.564,18.233,,,
2013-02-18,29.658,18.552,18.131,,,
2013-02-25,29.635,18.547,18.116,,,
2013-03-04,29.837,18.507,18.115,,,
2013-03-11,29.857,18.578,18.308,,,
2013-03-18,30.041,18.759,18.442,,,
2013-03-25,29.91,18.703,18.313,,,
2013-04-02,30.025,18.871,18.481,,,
2013-04-08,30.431,18.911,18.507,,,
2013-04-15,30.509,18.949,18.641,,,
2013-04-22,30.533,18.991,18.669,,,
2013-04-29,30.664,19.156,19.158,,,
2013-05-07,30.754,19.406,19.608,,,
2013-05-13,30.924,19.68,19.714,,,
2013-05-20,31.031,19.84,19.924,,,
2013-05-28,30.95,20.179,20.037,,,
2013-06-03,30.936,20.445,20.175,,,
2013-06-10,30.922,20.608,20.17,,,
2013-06-17,31.001,20.734,20.366,,,
2013-06-24,31.111,20.753,20.423,,,
2013-07-01,31.178,20.951,20.696,,,
2013-07-08,31.284,21.075,20.822,,,
2013-07-15,31.306,21.13,20.895,,,
2013-07-22,31.335,21.217,20.986,,,
2013-07-29,31.382,21.2,20.982,,,
2013-08-05,31.432,21.2,21.002,,,
2013-08-12,31.382,21.171,21.022,,,
2013-08-19,31.537,21.216,21.043,,,
2013-08-27,32.584,21.251,21.045,,,
2013-09-02,32.782,21.209,21.108,,,
2013-09-09,32.894,21.268,21.097,,,
2013-09-16,33.5,21.596,21.234,,,
2013-09-23,34.167,21.751,21.477,,,
2013-09-30,34.175,21.906,21.534,,,
2013-10-07,35.237,22.153,21.83,,,
2013-10-14,35.791,22.409,21.899,,,
2013-10-21,36.072,22.463,21.914,,,
2013-10-28,36.403,22.464,21.91,,,
2013-11-04,36.658,22.503,21.993,,,
2013-11-11,36.987,22.715,22.275,,,
2013-11-18,37.17,22.767,22.355,,,
2013-11-25,37.627,22.987,22.51,,,
2013-12-02,38.018,23.247,22.708,,,
2013-12-09,39.217,23.642,22.999,,,
2013-12-16,40.035,23.861,23.479,,,
2013-12-23,40.769,23.977,23.792,,,
2014-01-06,40.756,24.094,23.806,,,
2014-01-13,40.476,24.035,23.774,,,
2014-01-20,40.708,24.181,23.967,,,
2014-01-27,43.045,24.949,24.524,,,
2014-02-03,43.7,25.202,24.639,,,
2014-02-10,44.325,25.512,24.744,,,
2014-02-17,44.545,25.803,24.985,,,
2014-02-24,44.809,26.13,25.167,,,
2014-03-03,45.217,26.579,25.725,,,
2014-03-10,45.841,26.813,26.069,,,
2014-03-17,46.481,27.175,26.304,,,
2014-03-24,47.022,27.275,26.446,,,
2014-03-31,47.12,27.344,26.5,,,
2014-04-07,48.825,27.397,26.478,,,
2014-04-14,49.755,27.465,26.503,,,
2014-04-22,49.7,27.45,26.475,,,
2014-04-28,50.0,27.473,26.541,,,
2014-05-06,50.222,27.532,26.569,,,
2014-05-12,49.875,27.366,26.355,,,
2014-05-19,49.835,27.266,26.275,,,
2014-05-27,49.35,27.077,26.014,,,
2014-06-02,49.183,26.926,25.85,,,
2014-06-09,49.098,26.906,25.744,,,
2014-06-16,48.638,25.988,25.309,,,
2014-06-23,47.803,25.434,25.085,,,
2014-06-30,47.546,25.194,25.087,,,
2014-07-07,47.191,25.038,24.978,,,
2014-07-14,47.043,24.768,24.7,,,
2014-07-21,46.962,24.513,24.515,,,
2014-07-28,46.997,24.377,24.242,,,
2014-08-04,46.897,24.287,24.141,,,
2014-08-11,46.977,24.006,24.042,,,
2014-08-18,47.037,23.99,24.046,,,
2014-08-26,47.063,23.905,23.976,,,
2014-09-01,47.042,23.452,23.678,,,
2014-09-08,47.041,23.351,23.295,,,
2014-09-15,47.093,23.007,23.11,,,
2014-09-22,46.881,22.853,22.956,,,
2014-09-29,46.8,22.729,22.764,,,
2014-10-06,46.439,22.083,22.387,,,
2014-10-13,45.993,21.948,22.158,,,
2014-10-20,45.521,21.739,21.887,,,
2014-10-27,43.475,21.691,21.853,,,
2014-11-03,43.063,21.69,21.892,,,
2014-11-10,42.629,21.155,21.661,,,
2014-11-17,41.931,21.087,21.5,,,
2014-11-24,41.238,20.794,21.33,,,
2014-12-01,40.44,20.584,21.235,,,
2014-12-08,40.108,20.419,21.064,,,
2014-12-15,39.523,20.198,20.81,,,
2014-12-22,39.111,20.013,20.599,,,
2015-01-05,39.011,20.089,20.583,,,
2015-01-12,38.81,19.899,20.238,,,
2015-01-19,38.283,19.86,20.208,,,
2015-01-26,37.767,19.713,20.036,,,
2015-02-02,37.216,19.533,19.827,,,
2015-02-09,36.667,19.33,19.621,,,
2015-02-16,36.171,19.006,19.394,,,
2015-02-23,35.318,18.219,18.661,,,
2015-03-02,34.415,17.616,17.828,,,
2015-03-09,33.859,16.985,17.154,,,
2015-03-16,33.479,16.916,17.023,,,
2015-03-23,32.951,16.883,16.838,,,
2015-03-30,32.601,16.72,16.647,,,
2015-04-07,32.44,16.759,16.57,,,
2015-04-13,31.622,16.608,16.278,,,
2015-04-20,31.326,16.556,16.195,,,
2015-04-27,31.2,16.714,16.155,,,
2015-05-05,30.992,16.907,16.176,,,
2015-05-11,30.174,16.766,15.98,,,
2015-05-18,29.87,16.737,15.956,,,
2015-05-26,29.433,16.655,15.724,,,
2015-06-01,29.187,16.554,15.644,,,
2015-06-08,28.773,16.433,15.466,,,
2015-06-15,28.794,16.405,15.383,,,
2015-06-22,28.86,16.408,15.383,,,
2015-06-29,28.875,16.5,15.277,,,
2015-07-06,28.895,16.522,15.291,,,
2015-07-13,28.954,16.646,15.282,,,
2015-07-20,29.146,17.034,15.305,,,
2015-07-27,30.589,17.178,15.363,,,
2015-08-03,31.12,17.251,15.455,,,
2015-08-10,32.1,17.377,15.456,,,
2015-08-17,32.764,17.499,15.484,,,
2015-08-24,32.861,17.503,15.428,,,
2015-09-01,32.759,17.492,15.306,,,
2015-09-07,32.524,17.529,15.413,,,
2015-09-14,32.463,17.434,15.354,,,
2015-09-21,32.494,17.454,15.291,,,
2015-09-28,32.338,17.396,15.223,,,
2015-10-05,32.199,17.313,15.059,,,
2015-10-12,32.045,17.264,15.031,,,
2015-10-19,31.841,16.683,14.571,,,
2015-10-26,31.522,16.569,14.498,,,
2015-11-02,31.089,16.389,14.344,,,
2015-11-09,29.905,16.094,14.098,,,
2015-11-16,29.108,15.916,13.987,,,
2015-11-23,28.474,15.502,13.918,,,
2015-11-30,27.912,15.236,13.601,,,
2015-12-07,27.342,14.939,13.373,,,
2015-12-14,26.711,14.578,12.961,,,
2015-12-21,25.777,14.189,12.37,,,
2016-01-04,25.305,13.84,12.195,,,
2016-01-11,23.698,13.147,11.673,,,
2016-01-18,22.72,12.797,11.276,,,
2016-01-25,21.943,12.36,10.974,,,
2016-02-01,21.728,12.173,10.631,,,
2016-02-08,21.694,11.928,10.306,,,
2016-02-15,21.987,11.875,10.2,,,
2016-02-22,21.968,11.82,10.133,,,
2016-02-29,21.862,11.718,10.025,,,
2016-03-07,21.497,11.59,9.965,,,
2016-03-14,21.339,11.448,9.913,,,
2016-03-21,20.981,11.253,9.864,,,
2016-03-29,21.142,11.139,9.906,,,
2016-04-04,21.081,11.147,9.876,,,
2016-04-11,21.382,11.409,9.99,,,
2016-04-18,22.002,11.912,10.348,,,
2016-04-25,22.652,12.497,10.833,,,
2016-05-03,22.694,12.561,10.946,,,
2016-05-09,22.781,12.801,11.023,,,
2016-05-16,22.854,13.021,11.126,,,
2016-05-23,22.986,13.154,11.222,,,
2016-05-31,23.743,13.279,11.538,,,
2016-06-06,23.807,13.351,11.753,,,
2016-06-13,23.923,13.439,11.832,,,
2016-06-20,23.894,13.373,11.937,,,
2016-06-27,24.011,13.524,12.064,,,
2016-07-04,24.117,13.463,12.157,,,
2016-07-11,24.215,13.562,12.183,,,
2016-07-18,24.338,13.59,12.399,,,
2016-07-25,24.249,13.597,12.472,,,
2016-08-01,24.17,13.62,12.58,,,
2016-08-08,24.067,13.786,12.585,,,
2016-08-15,24.053,13.806,12.617,,,
2016-08-22,23.957,13.827,12.563,,,
2016-08-30,23.789,13.802,12.54,,,
2016-09-05,23.687,13.725,12.56,,,
2016-09-12,23.614,13.706,12.615,,,
2016-09-19,23.16,13.684,12.697,,,
2016-09-26,23.25,13.622,12.82,,,
2016-10-03,23.13,13.5,12.879,,,
2016-10-10,23.151,13.497,12.971,,,
2016-10-17,23.156,13.583,12.974,,,
2016-10-24,23.099,13.607,13.094,,,
2016-10-31,22.899,13.668,13.169,,,
2016-11-07,22.564,13.558,13.236,,,
2016-11-14,22.565,13.54,13.25,,,
2016-11-21,22.596,13.607,13.33,,,
2016-11-28,22.511,13.614,13.379,,,
2016-12-05,22.604,13.741,13.53,,,
2016-12-12,22.572,13.77,13.576,,,
2016-12-19,22.459,13.817,13.608,,,
2017-01-03,22.423,13.823,13.65,,,
2017-01-09,22.699,13.911,13.882,,,
2017-01-16,23.015,13.976,13.951,,,
2017-01-23,23.093,14.038,13.963,,,
2017-01-30,23.21,14.144,14.014,,,
2017-02-06,23.322,14.388,14.124,,,
2017-02-13,23.376,14.453,14.142,,,
2017-02-20,23.487,14.591,14.201,,,
2017-02-27,23.836,14.978,14.442,,,
2017-03-06,24.14,15.888,14.994,,,
2017-03-13,24.711,16.36,15.317,,,
2017-03-20,27.683,17.283,15.701,,,
2017-03-27,28.928,17.655,15.895,,,
2017-04-03,31.16,18.422,16.358,,,
2017-04-10,31.741,19.061,16.475,,,
2017-04-18,32.441,19.36,16.686,,,
2017-04-24,32.567,19.698,17.009,,,
2017-05-02,32.772,19.83,17.139,,,
2017-05-08,32.953,19.823,17.17,,,
2017-05-15,33.041,19.865,17.243,,,
2017-05-22,32.228,19.861,17.211,,,
2017-05-30,31.987,19.787,17.16,,,
2017-06-05,31.96,19.586,17.005,,,
2017-06-12,31.886,19.589,16.841,,,
2017-06-19,31.952,19.531,16.621,,,
2017-06-26,31.744,19.402,16.322,,,
2017-07-03,31.73,19.331,16.088,,,
2017-07-10,31.409,19.189,15.971,,,
2017-07-17,31.206,19.054,15.857,,,
2017-07-24,31.154,18.996,15.9,,,
2017-07-31,31.151,18.97,15.911,,,
2017-08-07,31.316,19.078,15.919,,,
2017-08-14,31.453,19.189,15.995,,,
2017-08-21,31.545,19.391,16.119,,,
2017-08-29,31.571,19.319,16.237,,,
2017-09-04,31.836,19.4,16.275,,,
2017-09-11,32.045,19.528,16.334,,,
2017-09-18,32.235,19.567,16.421,,,
2017-09-25,32.438,19.856,16.519,,,
2017-10-02,32.756,20.177,16.827,,,
2017-10-09,32.835,20.171,16.927,,,
2017-10-16,32.918,20.308,17.014,,,
2017-10-23,33.056,20.434,17.165,,,
2017-10-30,33.181,20.46,17.191,,,
2017-11-06,33.216,20.461,17.162,,,
2017-11-13,33.235,20.501,17.284,,,
2017-11-20,33.138,20.48,17.285,,,
2017-11-27,33.033,20.465,17.277,,,
2017-12-04,32.981,20.457,17.27,,,
2017-12-11,32.978,20.483,17.258,,,
2017-12-18,32.819,20.497,17.25,,,
2018-01-02,32.785,20.476,17.305,,,
2018-01-08,32.755,20.509,17.376,,,
2018-01-15,32.801,20.654,17.406,,,
2018-01-22,32.866,20.857,17.448,,,
2018-01-29,32.935,21.008,17.534,,,
2018-02-05,33.086,21.224,17.635,,,
2018-02-12,33.252,21.27,17.698,,,
2018-02-19,33.549,21.323,17.68,,,
2018-02-26,33.628,21.345,17.681,,,
2018-03-05,33.792,21.411,17.758,,,
2018-03-12,33.833,21.426,17.828,,,
2018-03-19,33.796,21.479,17.876,,,
2018-03-26,33.818,21.519,17.929,,,
2018-04-03,33.8,21.569,17.964,,,
2018-04-09,33.707,21.544,18.006,,,
2018-04-16,33.727,21.566,18.019,,,
2018-04-23,33.748,21.635,18.084,,,
2018-04-30,33.769,21.567,18.084,,,
2018-05-08,33.843,21.589,18.111,,,
2018-05-14,33.885,21.612,18.216,,,
2018-05-21,34.054,21.803,18.218,,,
2018-05-29,33.97,21.708,18.269,,,
2018-06-04,33.981,21.737,18.334,,,
2018-06-11,34.016,21.759,18.288,,,
2018-06-18,34.572,21.881,18.377,,,
2018-06-25,35.067,21.889,18.412,,,
2018-07-02,35.202,21.942,18.42,,,
2018-07-09,35.33,21.897,18.409,,,
2018-07-16,35.499,21.87,18.38,,,
2018-07-23,35.761,21.899,18.438,,,
2018-07-30,35.994,21.884,18.425,,,
2018-08-06,36.215,21.9,18.428,,,
2018-08-13,36.292,21.895,18.467,,,
2018-08-20,36.359,21.9,18.469,,,
2018-08-28,36.414,21.922,18.46,,,
2018-09-03,36.406,21.872,18.428,,,
2018-09-10,36.249,21.843,18.386,,,
2018-09-17,36.132,21.835,18.4,,,
2018-09-24,36.073,21.821,18.442,,,
2018-10-01,36.082,21.833,18.454,,,
2018-10-08,36.081,21.808,18.432,,,
2018-10-15,36.177,21.733,18.448,,,
2018-10-22,36.197,21.722,18.453,,,
2018-10-29,36.175,21.723,18.446,,,
2018-11-05,36.126,21.759,18.426,,,
2018-11-12,36.018,21.766,18.372,,,
2018-11-19,35.834,21.669,18.322,,,
2018-11-26,35.749,21.644,18.334,,,
2018-12-03,35.685,21.59,18.313,,,
2018-12-10,35.51,21.561,18.292,,,
2018-12-17,35.476,21.573,18.304,,,
2018-12-24,35.459,21.55,18.276,,,
2019-01-02,35.518,21.554,18.317,,,
2019-01-07,35.838,21.695,18.443,,,
2019-01-14,36.332,21.929,18.528,,,
2019-01-21,36.707,22.106,18.575,,,
2019-01-28,36.737,22.261,18.57,,,
2019-02-04,36.702,22.159,18.499,,,
2019-02-11,36.674,22.026,18.33,,,
2019-02-18,36.51,21.688,18.131,,,
2019-02-25,36.418,21.629,18.056,,,
2019-03-04,36.366,21.57,18.016,,,
2019-03-11,36.274,21.421,17.969,,,
2019-03-18,36.201,21.383,17.923,,,
2019-03-25,36.132,21.339,17.899,,,
2019-04-01,35.96,21.327,17.834,,,
2019-04-08,35.902,21.215,17.797,,,
2019-04-15,35.85,21.189,17.781,,,
2019-04-23,35.598,21.168,17.717,,,
2019-04-29,35.598,21.179,17.646,,,
2019-05-07,35.588,21.088,17.607,,,
2019-05-13,35.486,21.025,17.602,,,
2019-05-20,35.447,21.0,17.505,,,
2019-05-28,35.357,21.119,17.502,,,
2019-06-07,35.256,22.857,17.456,,,
2019-06-14,35.183,23.236,17.453,,,
2019-06-21,35.21,23.299,17.439,,,
2019-06-28,35.175,23.339,17.394,,,
2019-07-05,35.327,23.364,17.378,,,
2019-07-12,35.433,23.579,17.372,,,
2019-07-19,35.607,23.685,17.373,,,
2019-07-26,35.584,23.747,17.424,,,
2019-08-02,35.544,23.754,17.433,,,
2019-08-09,35.574,23.74,17.594,,,
2019-08-16,35.637,23.824,17.623,,,
2019-08-23,35.628,23.816,17.616,,,
2019-08-30,35.682,23.822,17.638,,,
2019-09-06,35.704,23.871,17.653,,,
2019-09-13,35.654,23.823,17.609,,,
2019-09-20,35.593,23.77,17.594,,,
2019-09-27,35.516,23.636,17.535,,,
2019-10-04,35.478,23.624,17.54,,,
2019-10-11,35.515,23.624,17.482,,,
2019-10-18,35.409,23.604,17.467,,,
2019-10-25,35.246,23.512,17.446,,,
2019-11-01,35.261,23.488,17.44,,,
2019-11-08,35.083,23.39,17.355,,,
2019-11-15,34.865,23.295,17.17,,,
2019-11-22,34.655,23.248,17.088,,,
2019-11-29,34.464,23.199,17.055,,,
2019-12-06,34.26,23.072,17.029,,,
2019-12-13,34.137,23.02,16.988,,,
2019-12-20,34.038,22.959,16.929,,,
2020-01-03,33.672,22.855,16.912,,,
2020-01-10,33.486,22.829,16.78,,,
2020-01-17,33.208,22.82,16.738,,,
2020-01-24,33.231,22.834,16.781,,,
2020-01-31,32.816,22.749,16.657,,,
2020-02-07,32.591,22.651,16.49,,,
2020-02-14,32.307,22.589,16.395,,,
2020-02-21,32.061,22.459,16.277,,,
2020-02-28,31.796,22.419,16.176,,,
2020-03-06,31.657,22.311,16.123,,,
2020-03-13,31.55,22.322,16.128,,,
2020-03-20,31.458,22.278,15.996,,,
2020-03-27,31.375,22.147,15.922,,,
2020-04-03,31.187,22.021,15.833,,,
2020-04-09,31.09,21.942,15.843,,,
2020-04-17,31.093,21.858,15.8,,,
2020-04-24,31.049,21.834,15.711,,,
2020-05-01,30.862,21.645,15.69,,,
2020-05-07,30.908,21.582,15.452,,,
2020-05-15,30.636,21.271,15.185,,,
2020-05-22,30.722,20.783,15.323,,,
2020-05-29,30.685,20.515,15.201,,,
2020-06-05,30.509,20.372,15.062,,,
2020-06-12,30.588,20.329,15.053,,,
2020-06-19,30.722,20.381,15.105,,,
2020-06-26,30.793,20.479,15.068,,,
2020-07-03,30.948,20.629,15.104,,,
2020-07-10,31.186,20.695,15.167,,,
2020-07-17,31.27,20.67,15.198,,,
2020-07-24,31.168,20.651,15.161,,,
2020-07-31,31.184,20.626,15.144,,,
2020-08-07,31.391,20.651,15.071,,,
2020-08-14,31.341,20.699,15.081,,,
2020-08-21,31.272,21.253,15.091,,,
2020-08-28,31.53,21.243,15.22,,,
2020-09-04,31.653,21.239,15.207,,,
2020-09-11,31.682,21.272,15.217,,,
2020-09-18,31.71,21.256,15.249,,,
2020-09-25,31.844,21.3,15.264,,,
2020-10-02,31.998,21.229,15.295,,,
2020-10-09,32.072,21.194,15.26,,,
2020-10-16,32.062,21.118,15.157,,,
2020-10-23,31.829,21.13,15.161,,,
2020-10-30,31.775,21.102,15.131,,,
2020-11-06,31.91,21.118,15.099,,,
2020-11-13,31.925,21.086,15.094,,,
2020-11-20,31.906,21.042,15.098,,,
2020-11-27,31.836,20.968,15.08,,,
2020-12-04,31.856,20.969,15.11,,,
2020-12-11,31.877,20.952,15.091,,,
2020-12-18,31.875,20.956,15.041,,,
2021-01-08,31.962,21.128,15.127,,,
2021-01-15,32.051,21.291,15.271,,,
2021-01-22,32.355,21.749,15.347,,,
2021-01-29,32.477,21.869,15.496,,,
2021-02-05,32.655,22.079,15.659,,,
2021-02-12,32.745,22.549,15.796,,,
2021-02-19,33.459,23.028,16.423,,,
2021-02-26,33.796,23.482,16.825,,,
2021-03-05,34.46,23.904,17.437,,,
2021-03-12,35.041,24.288,17.868,,,
2021-03-19,35.828,25.524,18.42,,,
2021-03-26,36.223,25.934,18.789,,,
2021-04-01,37.169,26.812,19.414,,,
2021-04-09,37.466,27.017,19.576,,,
2021-04-16,37.9,27.271,19.794,,,
2021-04-23,38.727,27.162,20.356,,,
2021-04-30,39.25,27.203,20.454,,,
2021-05-07,39.693,27.335,20.705,,,
2021-05-14,40.369,27.631,21.573,,,
2021-05-21,40.574,27.648,21.758,,,
2021-05-28,40.774,27.805,21.936,,,
2021-06-04,40.803,27.97,22.09,,,
2021-06-11,41.125,28.225,22.807,,,
2021-06-18,41.521,28.444,23.48,,,
2021-06-25,42.044,28.673,23.97,,,
2021-07-02,42.218,28.899,24.293,,,
2021-07-09,42.379,28.978,24.502,,,
2021-07-16,42.448,29.158,24.538,,,
2021-07-23,42.528,29.206,24.588,,,
2021-07-30,42.643,29.337,24.622,,,
2021-08-06,42.806,29.5,24.754,,,
2021-08-13,42.845,29.549,25.044,,,
2021-08-20,42.968,29.702,25.138,,,
2021-08-27,43.543,30.042,25.305,,,
2021-09-03,43.926,30.259,25.56,,,
2021-09-10,44.427,30.89,26.301,,,
2021-09-17,44.918,31.631,27.031,,,
2021-09-24,45.333,32.398,27.59,,,
2021-10-01,45.909,32.756,28.15,,,
2021-10-08,46.358,33.093,28.465,,,
2021-10-15,46.804,33.428,28.749,,,
2021-10-22,47.251,33.715,29.235,,,
2021-10-29,47.343,33.818,29.395,,,
2021-11-05,46.976,33.574,29.19,,,
2021-11-12,46.794,33.402,28.953,,,
2021-11-19,46.363,33.101,28.589,,,
2021-11-26,46.346,33.028,28.482,,,
2021-12-03,46.333,32.867,28.12,,,
2021-12-10,46.225,32.652,28.028,,,
2021-12-17,46.107,32.515,27.927,,,
2021-12-24,45.927,32.474,27.798,,,
2022-01-07,45.875,32.467,27.66,,,
2022-01-14,45.753,32.53,27.642,,,
2022-01-21,45.694,32.519,27.563,,,
2022-01-28,45.213,32.547,27.511,,,
2022-02-04,44.941,32.588,27.497,,,
2022-02-11,45.191,32.555,27.57,,,
2022-02-18,45.177,32.733,27.742,,,
2022-02-25,45.274,32.885,27.874,,,
2022-03-04,45.427,33.146,27.988,,,
2022-03-11,45.572,33.342,28.294,,,
2022-03-18,45.804,33.89,28.637,,,
2022-03-25,45.99,34.28,28.878,,,
2022-04-01,46.167,34.62,29.026,,,
2022-04-08,47.051,34.812,29.205,,,
2022-04-14,48.885,35.09,29.554,,,
2022-04-22,49.268,35.335,29.76,,,
2022-04-29,49.732,35.57,30.036,,,
2022-05-06,50.027,35.818,30.192,,,
2022-05-13,50.765,36.323,30.406,,,
2022-05-20,51.283,36.655,30.663,,,
2022-05-27,51.588,36.935,30.768,,,
2022-06-01,51.792,37.217,30.852,,,
2022-06-10,51.788,37.266,30.888,,,
2022-06-17,51.937,37.362,30.957,,,
2022-06-24,51.986,37.495,31.045,,,
2022-07-01,52.054,37.653,31.098,,,
2022-07-08,51.961,37.536,31.119,,,
2022-07-15,51.789,37.278,31.027,64.0,36.0,34.0
2022-07-18,51.789,37.278,31.027,64.0,36.0,34.0
2022-07-19,51.789,37.278,31.027,64.0,36.0,34.0
2022-07-20,51.789,37.278,31.027,64.0,36.0,34.0
2022-07-21,51.789,37.278,31.027,64.0,36.0,34.0
2022-07-22,51.773,37.201,31.019,64.0,36.3,34.0
2022-07-25,51.773,37.201,31.019,64.0,36.3,34.0
2022-07-26,51.773,37.201,31.019,64.0,36.3,34.0
2022-07-27,51.773,37.201,31.019,64.0,36.3,34.0
2022-07-28,51.773,37.201,31.019,64.0,36.3,34.0
2022-07-29,51.647,37.047,30.965,64.0,36.3,34.0
2022-08-01,51.647,37.047,30.965,64.0,36.3,34.0
2022-08-02,51.647,37.047,30.965,64.0,36.3,34.0
2022-08-03,51.647,37.047,30.965,64.0,36.3,34.0
2022-08-04,51.647,37.047,30.965,64.0,36.3,34.0
2022-08-05,51.477,36.891,30.776,63.4,35.8,33.8
2022-08-08,51.477,36.891,30.776,63.4,35.8,33.8
2022-08-09,51.477,36.891,30.776,63.4,35.8,33.8
2022-08-10,51.477,36.891,30.776,63.4,35.8,33.8
2022-08-11,51.477,36.891,30.776,63.4,35.8,33.8
2022-08-12,51.213,36.692,30.625,63.4,35.8,33.8
2022-08-15,51.213,36.692,30.625,63.4,35.8,33.8
2022-08-16,51.213,36.692,30.625,63.4,35.8,33.8
2022-08-17,51.213,36.692,30.625,63.4,35.8,33.8
2022-08-18,51.213,36.692,30.625,63.4,35.8,33.8
2022-08-19,50.916,36.363,30.447,63.4,35.8,33.8
2022-08-22,50.916,36.363,30.447,63.4,35.8,33.8
2022-08-23,50.916,36.363,30.447,63.4,35.8,33.8
2022-08-24,50.916,36.363,30.447,63.4,35.8,33.8
2022-08-25,50.916,36.363,30.447,63.4,35.8,33.8
2022-08-26,50.351,35.906,29.961,63.4,35.8,33.8
2022-08-30,50.351,35.906,29.961,63.4,35.8,33.8
2022-08-31,50.351,35.906,29.961,63.4,35.8,33.8
2022-09-01,50.351,35.906,29.961,63.4,35.8,33.8
2022-09-02,49.417,35.005,29.176,63.2,35.5,33.7
2022-09-05,49.417,35.005,29.176,63.2,35.5,33.7
2022-09-06,49.417,35.005,29.176,63.2,35.5,33.7
2022-09-07,49.417,35.005,29.176,63.2,35.5,33.7
2022-09-08,49.417,35.005,29.176,63.2,35.5,33.7
2022-09-09,48.726,34.244,28.623,63.2,35.5,33.7
2022-09-12,48.726,34.244,28.623,63.2,35.5,33.7
2022-09-13,48.726,34.244,28.623,63.2,35.5,33.7
2022-09-14,48.726,34.244,28.623,63.2,35.5,33.7
2022-09-15,48.726,34.244,28.623,63.2,35.5,33.7
2022-09-16,48.325,33.758,28.222,63.2,35.5,33.7
2022-09-20,48.325,33.758,28.222,63.2,35.5,33.7
2022-09-21,48.325,33.758,28.222,63.2,35.5,33.7
2022-09-22,48.325,33.758,28.222,63.2,35.5,33.7
2022-09-23,47.882,33.253,28.109,63.2,35.5,33.7
2022-09-26,47.882,33.253,28.109,63.2,35.5,33.7
2022-09-27,47.882,33.253,28.109,63.2,35.5,33.7
2022-09-28,47.882,33.253,28.109,63.2,35.5,33.7
2022-09-29,47.882,33.253,28.109,63.2,35.5,33.7
2022-09-30,47.679,32.873,27.741,63.2,35.5,33.7
2022-10-03,47.679,32.873,27.741,63.2,35.5,33.7
2022-10-04,47.679,32.873,27.741,63.2,35.5,33.7
2022-10-05,47.679,32.873,27.741,63.2,35.5,33.7
2022-10-06,47.679,32.873,27.741,63.2,35.5,33.7
2022-10-07,47.435,32.598,27.565,63.2,35.5,33.7
2022-10-10,47.435,32.598,27.565,63.2,35.5,33.7
2022-10-11,47.435,32.598,27.565,63.2,35.5,33.7
2022-10-12,47.435,32.598,27.565,63.2,35.5,33.7
2022-10-13,47.435,32.598,27.565,63.2,35.5,33.7
2022-10-14,47.304,32.139,27.338,62.8,34.8,32.9
2022-10-17,47.304,32.139,27.338,62.8,34.8,32.9
2022-10-18,47.304,32.139,27.338,62.8,34.8,32.9
2022-10-19,47.304,32.139,27.338,62.8,34.8,32.9
2022-10-20,47.304,32.139,27.338,62.8,34.8,32.9
2022-10-21,47.133,31.879,27.19,62.8,34.8,32.9
2022-10-24,47.133,31.879,27.19,62.8,34.8,32.9
2022-10-25,47.133,31.879,27.19,62.8,34.8,32.9
2022-10-26,47.133,31.879,27.19,62.8,34.8,32.9
2022-10-27,47.133,31.879,27.19,62.8,34.8,32.9
2022-10-28,47.218,31.595,27.014,62.8,34.8,32.9
2022-10-31,47.218,31.595,27.014,62.8,34.8,32.9
2022-11-01,47.218,31.595,27.014,62.8,34.8,32.9
2022-11-02,47.218,31.595,27.014,62.8,34.8,32.9
2022-11-03,47.218,31.595,27.014,62.8,34.8,32.9
2022-11-04,45.888,31.298,26.635,62.2,34.3,32.4
2022-11-07,45.888,31.298,26.635,62.2,34.3,32.4
2022-11-08,45.888,31.298,26.635,62.2,34.3,32.4
2022-11-09,45.888,31.298,26.635,62.2,34.3,32.4
2022-11-10,45.888,31.298,26.635,62.2,34.3,32.4
2022-11-11,44.474,31.032,26.003,62.2,34.3,32.4
2022-11-14,44.474,31.032,26.003,62.2,34.3,32.4
2022-11-15,44.474,31.032,26.003,62.2,34.3,32.4
2022-11-16,44.474,31.032,26.003,62.2,34.3,32.4
2022-11-17,44.474,31.032,26.003,62.2,34.3,32.4
2022-11-18,43.827,30.781,25.737,62.2,34.3,32.4
2022-11-21,43.827,30.781,25.737,62.2,34.3,32.4
2022-11-22,43.827,30.781,25.737,62.2,34.3,32.4
2022-11-23,43.827,30.781,25.737,62.2,34.3,32.4
2022-11-24,43.827,30.781,25.737,62.2,34.3,32.4
2022-11-25,43.381,30.55,25.431,62.2,34.3,32.4
2022-11-28,43.381,30.55,25.431,62.2,34.3,32.4
2022-11-29,43.381,30.55,25.431,62.2,34.3,32.4
2022-11-30,43.381,30.55,25.431,62.2,34.3,32.4
2022-12-01,43.381,30.55,25.431,62.2,34.3,32.4
2022-12-02,43.138,30.241,24.814,61.0,33.6,31.6
2022-12-05,43.138,30.241,24.814,61.0,33.6,31.6
2022-12-06,43.138,30.241,24.814,61.0,33.6,31.6
2022-12-07,43.138,30.241,24.814,61.0,33.6,31.6
2022-12-08,43.138,30.241,24.814,61.0,33.6,31.6
2022-12-09,42.949,29.958,24.491,61.0,33.6,31.6
2022-12-12,42.949,29.958,24.491,61.0,33.6,31.6
2022-12-13,42.949,29.958,24.491,61.0,33.6,31.6
2022-12-14,42.949,29.958,24.491,61.0,33.6,31.6
2022-12-15,42.949,29.958,24.491,61.0,33.6,31.6
2022-12-16,42.537,29.542,24.262,61.0,33.6,31.6
2022-12-19,42.537,29.542,24.262,61.0,33.6,31.6
2022-12-20,42.537,29.542,24.262,61.0,33.6,31.6
2022-12-21,42.537,29.542,24.262,61.0,33.6,31.6
2022-12-22,42.537,29.542,24.262,61.0,33.6,31.6
2022-12-23,42.393,29.305,24.113,61.0,33.6,31.6
2023-01-03,42.393,29.305,24.113,61.0,33.6,31.6
2023-01-04,42.393,29.305,24.113,61.0,33.6,31.6
2023-01-05,42.393,29.305,24.113,61.0,33.6,31.6
2023-01-06,41.977,29.009,23.81,60.6,33.3,31.4
2023-01-09,41.977,29.009,23.81,60.6,33.3,31.4
2023-01-10,41.977,29.009,23.81,60.6,33.3,31.4
2023-01-11,41.977,29.009,23.81,60.6,33.3,31.4
2023-01-12,41.977,29.009,23.81,60.6,33.3,31.4
2023-01-13,41.805,28.895,23.791,60.6,33.3,31.4
2023-01-16,41.805,28.895,23.791,60.6,33.3,31.4
2023-01-17,41.805,28.895,23.791,60.6,33.3,31.4
2023-01-18,41.805,28.895,23.791,60.6,33.3,31.4
2023-01-19,41.805,28.895,23.791,60.6,33.3,31.4
2023-01-20,41.531,28.632,23.654,60.6,33.3,31.4
2023-01-23,41.531,28.632,23.654,60.6,33.3,31.4
2023-01-24,41.531,28.632,23.654,60.6,33.3,31.4
2023-01-25,41.531,28.632,23.654,60.6,33.3,31.4
2023-01-26,41.531,28.632,23.654,60.6,33.3,31.4
2023-01-27,41.379,28.572,23.594,60.6,33.3,31.4
2023-01-30,41.379,28.572,23.594,60.6,33.3,31.4
2023-01-31,41.379,28.572,23.594,60.6,33.3,31.4
2023-02-01,41.379,28.572,23.594,60.6,33.3,31.4
2023-02-02,41.379,28.572,23.594,60.6,33.3,31.4
2023-02-03,41.292,28.519,23.529,60.4,33.0,30.9
2023-02-06,41.292,28.519,23.529,60.4,33.0,30.9
2023-02-07,41.292,28.519,23.529,60.4,33.0,30.9
2023-02-08,41.292,28.519,23.529,60.4,33.0,30.9
2023-02-09,41.292,28.519,23.529,60.4,33.0,30.9
2023-02-10,41.409,28.592,23.559,60.4,33.0,30.9
2023-02-13,41.409,28.592,23.559,60.4,33.0,30.9
2023-02-14,41.409,28.592,23.559,60.4,33.0,30.9
2023-02-15,41.409,28.592,23.559,60.4,33.0,30.9
2023-02-16,41.409,28.592,23.559,60.4,33.0,30.9
2023-02-17,41.693,28.744,23.786,60.4,33.0,30.9
2023-02-20,41.693,28.744,23.786,60.4,33.0,30.9
2023-02-21,41.693,28.744,23.786,60.4,33.0,30.9
2023-02-22,41.693,28.744,23.786,60.4,33.0,30.9
2023-02-23,41.693,28.744,23.786,60.4,33.0,30.9
2023-02-24,41.866,28.887,23.931,60.4,33.0,30.9
2023-02-27,41.866,28.887,23.931,60.4,33.0,30.9
2023-02-28,41.866,28.887,23.931,60.4,33.0,30.9
2023-03-01,41.866,28.887,23.931,60.4,33.0,30.9
2023-03-02,41.866,28.887,23.931,60.4,33.0,30.9
2023-03-03,42.061,29.105,24.327,60.4,33.1,31.1
2023-03-06,42.061,29.105,24.327,60.4,33.1,31.1
2023-03-07,42.061,29.105,24.327,60.4,33.1,31.1
2023-03-08,42.061,29.105,24.327,60.4,33.1,31.1
2023-03-09,42.061,29.105,24.327,60.4,33.1,31.1
2023-03-10,42.379,29.456,24.611,60.4,33.1,31.1
2023-03-13,42.379,29.456,24.611,60.4,33.1,31.1
2023-03-14,42.379,29.456,24.611,60.4,33.1,31.1
2023-03-15,42.379,29.456,24.611,60.4,33.1,31.1
2023-03-16,42.379,29.456,24.611,60.4,33.1,31.1
2023-03-17,42.764,29.91,24.916,60.4,33.1,31.1
2023-03-20,42.764,29.91,24.916,60.4,33.1,31.1
2023-03-21,42.764,29.91,24.916,60.4,33.1,31.1
2023-03-22,42.764,29.91,24.916,60.4,33.1,31.1
2023-03-23,42.764,29.91,24.916,60.4,33.1,31.1
2023-03-24,42.993,30.167,25.159,60.4,33.1,31.1
2023-03-27,42.993,30.167,25.159,60.4,33.1,31.1
2023-03-28,42.993,30.167,25.159,60.4,33.1,31.1
2023-03-29,42.993,30.167,25.159,60.4,33.1,31.1
2023-03-30,42.993,30.167,25.159,60.4,33.1,31.1
2023-03-31,43.527,30.366,25.287,60.4,33.1,31.1
2023-04-03,43.527,30.366,25.287,60.4,33.1,31.1
2023-04-04,43.527,30.366,25.287,60.4,33.1,31.1
2023-04-05,43.527,30.366,25.287,60.4,33.1,31.1
2023-04-06,43.527,30.366,25.287,60.4,33.1,31.1
2023-04-11,43.527,30.366,25.287,60.4,33.1,31.1
2023-04-12,43.527,30.366,25.287,60.4,33.1,31.1
2023-04-13,43.527,30.366,25.287,60.4,33.1,31.1
2023-04-14,43.905,30.493,25.371,60.9,33.86,32.0
2023-04-17,43.905,30.493,25.371,60.9,33.86,32.0
2023-04-18,43.905,30.493,25.371,60.9,33.86,32.0
2023-04-19,43.905,30.493,25.371,60.9,33.86,32.0
2023-04-20,43.905,30.493,25.371,60.9,33.86,32.0
2023-04-21,45.004,30.806,25.848,60.9,33.86,32.0
2023-04-24,45.004,30.806,25.848,60.9,33.86,32.0
2023-04-25,45.004,30.806,25.848,60.9,33.86,32.0
2023-04-26,45.004,30.806,25.848,60.9,33.86,32.0
2023-04-27,45.004,30.806,25.848,60.9,33.86,32.0
2023-04-28,45.519,31.031,26.063,60.9,33.86,32.0
2023-05-02,45.519,31.031,26.063,60.9,33.86,32.0
2023-05-03,45.519,31.031,26.063,60.9,33.86,32.0
2023-05-04,45.519,31.031,26.063,60.9,33.86,32.0
2023-05-05,45.843,31.168,26.084,61.2,34.1,32.36
2023-05-09,45.843,31.168,26.084,61.2,34.1,32.36
2023-05-10,45.843,31.168,26.084,61.2,34.1,32.36
2023-05-11,45.843,31.168,26.084,61.2,34.1,32.36
2023-05-12,46.085,31.312,26.176,61.2,34.1,32.36
2023-05-15,46.085,31.312,26.176,61.2,34.1,32.36
2023-05-16,46.085,31.312,26.176,61.2,34.1,32.36
2023-05-17,46.085,31.312,26.176,61.2,34.1,32.36
2023-05-18,46.085,31.312,26.176,61.2,34.1,32.36
2023-05-19,46.214,31.421,26.217,61.2,34.1,32.36
2023-05-22,46.214,31.421,26.217,61.2,34.1,32.36
2023-05-23,46.214,31.421,26.217,61.2,34.1,32.36
2023-05-24,46.214,31.421,26.217,61.2,34.1,32.36
2023-05-25,46.214,31.421,26.217,61.2,34.1,32.36
2023-05-26,46.376,31.502,26.317,61.2,34.1,32.36
2023-05-29,46.376,31.502,26.317,61.2,34.1,32.36
2023-05-30,46.376,31.502,26.317,61.2,34.1,32.36
2023-05-31,46.376,31.502,26.317,61.2,34.1,32.36
2023-06-01,46.376,31.502,26.317,61.2,34.1,32.36
2023-06-02,46.342,31.521,26.539,61.2,34.1,32.36
2023-06-05,46.342,31.521,26.539,61.4,34.36,32.6
2023-06-06,46.342,31.521,26.539,61.4,34.36,32.6
2023-06-07,46.342,31.521,26.539,61.4,34.36,32.6
2023-06-08,46.342,31.521,26.539,61.4,34.36,32.6
2023-06-09,46.21,31.469,26.523,61.4,34.36,32.6
2023-06-12,46.21,31.469,26.523,61.4,34.36,32.6
2023-06-13,46.21,31.469,26.523,61.4,34.36,32.6
2023-06-14,46.21,31.469,26.523,61.4,34.36,32.6
2023-06-15,46.21,31.469,26.523,61.4,34.36,32.6
2023-06-16,46.329,31.389,26.372,61.4,34.36,32.6
2023-06-19,46.329,31.389,26.372,61.4,34.36,32.6
2023-06-20,46.329,31.389,26.372,61.4,34.36,32.6
2023-06-21,46.329,31.389,26.372,61.4,34.36,32.6
2023-06-22,46.329,31.389,26.372,61.4,34.36,32.6
2023-06-23,46.28,31.272,26.363,61.4,34.36,32.6
2023-06-26,46.28,31.272,26.363,61.4,34.36,32.6
2023-06-27,46.28,31.272,26.363,61.4,34.36,32.6
2023-06-28,46.28,31.272,26.363,61.4,34.36,32.6
2023-06-29,46.28,31.272,26.363,61.4,34.36,32.6
2023-06-30,46.153,31.069,26.202,61.4,34.36,32.6
2023-07-03,46.153,31.069,26.202,61.4,34.36,32.6
2023-07-04,46.153,31.069,26.202,61.4,34.36,32.6
2023-07-05,46.153,31.069,26.202,61.4,34.36,32.6
2023-07-06,46.153,31.069,26.202,61.4,34.36,32.6
2023-07-07,45.961,30.94,25.997,61.4,34.36,32.6
2023-07-10,45.961,30.94,25.997,62.2,34.8,32.92
2023-07-11,45.961,30.94,25.997,62.2,34.8,32.92
2023-07-12,45.961,30.94,25.997,62.2,34.8,32.92
2023-07-13,45.961,30.94,25.997,62.2,34.8,32.92
2023-07-14,45.924,30.868,25.972,62.2,34.8,32.92
2023-07-17,45.924,30.868,25.972,62.2,34.8,32.92
2023-07-18,45.924,30.868,25.972,62.2,34.8,32.92
2023-07-19,45.924,30.868,25.972,62.2,34.8,32.92
2023-07-20,45.924,30.868,25.972,62.2,34.8,32.92
2023-07-21,45.665,30.8,25.879,62.2,34.8,32.92
2023-07-24,45.665,30.8,25.879,62.2,34.8,32.92
2023-07-25,45.665,30.8,25.879,62.2,34.8,32.92
2023-07-26,45.665,30.8,25.879,62.2,34.8,32.92
2023-07-27,45.665,30.8,25.879,62.2,34.8,32.92
2023-07-28,45.621,30.677,25.743,62.2,34.8,32.92
2023-07-31,45.621,30.677,25.743,62.2,34.8,32.92
2023-08-01,45.621,30.677,25.743,62.2,34.8,32.92
2023-08-02,45.621,30.677,25.743,62.2,34.8,32.92
2023-08-03,45.621,30.677,25.743,62.2,34.8,32.92
2023-08-04,45.523,30.641,25.495,62.2,34.8,32.92
2023-08-07,45.523,30.641,25.495,62.3,34.8,32.96
2023-08-08,45.523,30.641,25.495,62.3,34.8,32.96
2023-08-09,45.523,30.641,25.495,62.3,34.8,32.96
2023-08-10,45.523,30.641,25.495,62.3,34.8,32.96
2023-08-11,45.588,30.537,25.157,62.3,34.8,32.96
2023-08-14,45.588,30.537,25.157,62.3,34.8,32.96
2023-08-15,45.588,30.537,25.157,62.3,34.8,32.96
2023-08-16,45.588,30.537,25.157,62.3,34.8,32.96
2023-08-17,45.588,30.537,25.157,62.3,34.8,32.96
2023-08-18,45.615,30.494,25.258,62.3,34.8,32.96
2023-08-21,45.615,30.494,25.258,62.3,34.8,32.96
2023-08-22,45.615,30.494,25.258,62.3,34.8,32.96
2023-08-23,45.615,30.494,25.258,62.3,34.8,32.96
2023-08-24,45.615,30.494,25.258,62.3,34.8,32.96
2023-08-25,45.53,30.626,25.151,62.3,34.8,32.96
2023-08-28,45.53,30.626,25.151,62.3,34.8,32.96
2023-08-29,45.53,30.626,25.151,62.3,34.8,32.96
2023-08-30,45.53,30.626,25.151,62.3,34.8,32.96
2023-08-31,45.53,30.626,25.151,62.3,34.8,32.96
2023-09-01,45.46,30.755,25.051,62.3,34.8,32.96
2023-09-04,45.46,30.755,25.051,63.3,34.8,32.86
2023-09-05,45.46,30.755,25.051,63.3,34.8,32.86
2023-09-06,45.46,30.755,25.051,63.3,34.8,32.86
2023-09-07,45.46,30.755,25.051,63.3,34.8,32.86
2023-09-08,45.439,30.709,25.02,63.3,34.8,32.86
2023-09-11,45.439,30.709,25.02,63.3,34.8,32.86
2023-09-12,45.439,30.709,25.02,63.3,34.8,32.86
2023-09-13,45.439,30.709,25.02,63.3,34.8,32.86
2023-09-14,45.439,30.709,25.02,63.3,34.8,32.86
2023-09-15,45.452,31.023,25.12,63.3,34.8,32.86
2023-09-18,45.452,31.023,25.12,63.3,34.8,32.86
2023-09-19,45.452,31.023,25.12,63.3,34.8,32.86
2023-09-20,45.452,31.023,25.12,63.3,34.8,32.86
2023-09-21,45.452,31.023,25.12,63.3,34.8,32.86
2023-09-22,45.558,31.359,25.104,63.3,34.8,32.86
2023-09-25,45.558,31.359,25.104,63.3,34.8,32.86
2023-09-26,45.558,31.359,25.104,63.3,34.8,32.86
2023-09-27,45.558,31.359,25.104,63.3,34.8,32.86
2023-09-28,45.558,31.359,25.104,63.3,34.8,32.86
2023-09-29,46.285,31.586,25.234,63.3,34.8,32.86
2023-10-02,46.285,31.586,25.234,63.3,34.8,32.86
2023-10-03,46.285,31.586,25.234,63.3,34.8,32.86
2023-10-04,46.285,31.586,25.234,63.3,34.8,32.86
2023-10-05,46.285,31.586,25.234,63.3,34.8,32.86
2023-10-06,46.683,31.726,25.418,63.3,34.8,32.86
2023-10-09,46.683,31.726,25.418,63.2,35.0,33.06
2023-10-10,46.683,31.726,25.418,63.2,35.0,33.06
2023-10-11,46.683,31.726,25.418,63.2,35.0,33.06
2023-10-12,46.683,31.726,25.418,63.2,35.0,33.06
2023-10-13,47.017,31.7,25.499,63.2,35.0,33.06
2023-10-16,47.017,31.7,25.499,63.2,35.0,33.06
2023-10-17,47.017,31.7,25.499,63.2,35.0,33.06
2023-10-18,47.017,31.7,25.499,63.2,35.0,33.06
2023-10-19,47.017,31.7,25.499,63.2,35.0,33.06
2023-10-20,47.303,31.811,25.521,63.2,35.0,33.06
2023-10-23,47.303,31.811,25.521,63.2,35.0,33.06
2023-10-24,47.303,31.811,25.521,63.2,35.0,33.06
2023-10-25,47.303,31.811,25.521,63.2,35.0,33.06
2023-10-26,47.303,31.811,25.521,63.2,35.0,33.06
2023-10-27,47.467,31.888,25.526,63.2,35.0,33.06
2023-10-30,47.467,31.888,25.526,63.2,35.0,33.06
2023-10-31,47.467,31.888,25.526,63.2,35.0,33.06
2023-11-01,47.467,31.888,25.526,63.2,35.0,33.06
2023-11-02,47.467,31.888,25.526,63.2,35.0,33.06
2023-11-03,47.443,31.901,25.467,63.2,35.0,33.06
2023-11-06,47.443,31.901,25.467,63.7,35.2,33.1
2023-11-07,47.443,31.901,25.467,63.7,35.2,33.1
2023-11-08,47.443,31.901,25.467,63.7,35.2,33.1
2023-11-09,47.443,31.901,25.467,63.7,35.2,33.1
2023-11-10,47.519,31.926,25.4,63.7,35.2,33.1
2023-11-13,47.519,31.926,25.4,63.7,35.2,33.1
2023-11-14,47.519,31.926,25.4,63.7,35.2,33.1
2023-11-15,47.519,31.926,25.4,63.7,35.2,33.1
2023-11-16,47.519,31.926,25.4,63.7,35.2,33.1
2023-11-17,47.751,31.929,25.373,63.7,35.2,33.1
2023-11-20,47.751,31.929,25.373,63.7,35.2,33.1
2023-11-21,47.751,31.929,25.373,63.7,35.2,33.1
2023-11-22,47.751,31.929,25.373,63.7,35.2,33.1
2023-11-23,47.751,31.929,25.373,63.7,35.2,33.1
2023-11-24,47.815,32.022,25.361,63.7,35.2,33.1
2023-11-27,47.815,32.022,25.361,63.7,35.2,33.1
2023-11-28,47.815,32.022,25.361,63.7,35.2,33.1
2023-11-29,47.815,32.022,25.361,63.7,35.2,33.1
2023-11-30,47.815,32.022,25.361,63.7,35.2,33.1
2023-12-01,48.271,32.084,25.41,63.7,35.2,33.1
2023-12-04,48.271,32.084,25.41,64.2,35.2,33.1
2023-12-05,48.271,32.084,25.41,64.2,35.2,33.1
2023-12-06,48.271,32.084,25.41,64.2,35.2,33.1
2023-12-07,48.271,32.084,25.41,64.2,35.2,33.1
2023-12-08,48.323,32.023,25.461,64.2,35.2,33.1
2023-12-11,48.323,32.023,25.461,64.2,35.2,33.1
2023-12-12,48.323,32.023,25.461,64.2,35.2,33.1
2023-12-13,48.323,32.023,25.461,64.2,35.2,33.1
2023-12-14,48.323,32.023,25.461,64.2,35.2,33.1
2023-12-15,48.434,32.173,25.483,64.2,35.2,33.1
2023-12-18,48.434,32.173,25.483,64.2,35.2,33.1
2023-12-19,48.434,32.173,25.483,64.2,35.2,33.1
2023-12-20,48.434,32.173,25.483,64.2,35.2,33.1
2023-12-21,48.434,32.173,25.483,64.2,35.2,33.1
2023-12-22,48.453,32.215,25.48,64.2,35.2,33.1
2024-01-02,48.453,32.215,25.48,64.2,35.2,33.1
2024-01-03,48.453,32.215,25.48,64.2,35.2,33.1
2024-01-04,48.453,32.215,25.48,64.2,35.2,33.1
2024-01-05,48.749,32.452,25.714,64.2,35.2,33.1
2024-01-08,48.749,32.452,25.714,64.8,35.4,33.1
2024-01-09,48.749,32.452,25.714,64.8,35.4,33.1
2024-01-10,48.749,32.452,25.714,64.8,35.4,33.1
2024-01-11,48.749,32.452,25.714,64.8,35.4,33.1
2024-01-12,50.041,32.477,25.781,64.8,35.4,33.1
2024-01-15,50.041,32.477,25.781,64.8,35.4,33.1
2024-01-16,50.041,32.477,25.781,64.8,35.4,33.1
2024-01-17,50.041,32.477,25.781,64.8,35.4,33.1
2024-01-18,50.041,32.477,25.781,64.8,35.4,33.1
2024-01-19,50.349,32.432,25.763,64.8,35.4,33.1
2024-01-22,50.349,32.432,25.763,64.8,35.4,33.1
2024-01-23,50.349,32.432,25.763,64.8,35.4,33.1
2024-01-24,50.349,32.432,25.763,64.8,35.4,33.1
2024-01-25,50.349,32.432,25.763,64.8,35.4,33.1
2024-01-26,50.636,32.573,25.87,64.8,35.4,33.1
2024-01-29,50.636,32.573,25.87,64.8,35.4,33.1
2024-01-30,50.636,32.573,25.87,64.8,35.4,33.1
2024-01-31,50.636,32.573,25.87,64.8,35.4,33.1
2024-02-01,50.636,32.573,25.87,64.8,35.4,33.1
2024-02-02,50.636,32.573,25.87,64.8,35.4,33.1
2024-02-05,50.636,32.573,25.87,65.2,35.5,33.2
2024-02-06,50.636,32.573,25.87,65.2,35.5,33.2
2024-02-07,50.636,32.573,25.87,65.2,35.5,33.2
2024-02-08,50.636,32.573,25.87,65.2,35.5,33.2
2024-02-09,52.105,32.79,26.224,65.2,35.5,33.2
2024-02-12,52.105,32.79,26.224,65.2,35.5,33.2
2024-02-13,52.105,32.79,26.224,65.2,35.5,33.2
2024-02-14,52.105,32.79,26.224,65.2,35.5,33.2
2024-02-15,52.105,32.79,26.224,65.2,35.5,33.2
2024-02-16,52.756,33.114,26.184,65.2,35.5,33.2
2024-02-19,52.756,33.114,26.184,65.2,35.5,33.2
2024-02-20,52.756,33.114,26.184,65.2,35.5,33.2
2024-02-21,52.756,33.114,26.184,65.2,35.5,33.2
2024-02-22,52.756,33.114,26.184,65.2,35.5,33.2
2024-02-23,53.408,33.451,26.442,65.2,35.5,33.2
2024-02-26,53.408,33.451,26.442,65.2,35.5,33.2
2024-02-27,53.408,33.451,26.442,65.2,35.5,33.2
2024-02-28,53.408,33.451,26.442,65.2,35.5,33.2
2024-02-29,53.408,33.451,26.442,65.2,35.5,33.2
2024-03-01,54.441,34.312,26.909,65.2,35.5,33.2
2024-03-04,54.441,34.312,26.909,66.4,35.8,33.56
2024-03-05,54.441,34.312,26.909,66.4,35.8,33.56
2024-03-06,54.441,34.312,26.909,66.4,35.8,33.56
2024-03-07,54.441,34.312,26.909,66.4,35.8,33.56
2024-03-08,54.974,35.008,27.087,66.4,35.8,33.56
2024-03-11,54.974,35.008,27.087,66.4,35.8,33.56
2024-03-12,54.974,35.008,27.087,66.4,35.8,33.56
2024-03-13,54.974,35.008,27.087,66.4,35.8,33.56
2024-03-14,54.974,35.008,27.087,66.4,35.8,33.56
2024-03-15,55.275,35.347,27.317,66.4,35.8,33.56
2024-03-18,55.275,35.347,27.317,66.4,35.8,33.56
2024-03-19,55.275,35.347,27.317,66.4,35.8,33.56
2024-03-20,55.275,35.347,27.317,66.4,35.8,33.56
2024-03-21,55.275,35.347,27.317,66.4,35.8,33.56
2024-03-22,56.143,36.057,27.645,66.4,35.8,33.56
2024-03-25,56.143,36.057,27.645,66.4,35.8,33.56
2024-03-26,56.143,36.057,27.645,66.4,35.8,33.56
2024-03-27,56.143,36.057,27.645,66.4,35.8,33.56
2024-03-28,56.143,36.057,27.645,66.4,35.8,33.56
2024-04-01,56.143,36.057,27.645,66.4,35.8,33.56
2024-04-02,56.143,36.057,27.645,66.4,35.8,33.56
2024-04-03,56.143,36.057,27.645,66.4,35.8,33.56
2024-04-04,56.143,36.057,27.645,66.4,35.8,33.56
2024-04-05,56.318,36.061,27.787,66.4,35.8,33.56
2024-04-08,56.318,36.061,27.787,67.0,36.1,33.7
2024-04-09,56.318,36.061,27.787,67.0,36.1,33.7
2024-04-10,56.318,36.061,27.787,67.0,36.1,33.7
2024-04-11,56.318,36.061,27.787,67.0,36.1,33.7
2024-04-12,56.494,36.104,27.966,67.0,36.1,33.7
2024-04-15,56.494,36.104,27.966,67.0,36.1,33.7
2024-04-16,56.494,36.104,27.966,67.0,36.1,33.7
2024-04-17,56.494,36.104,27.966,67.0,36.1,33.7
2024-04-18,56.494,36.104,27.966,67.0,36.1,33.7
2024-04-19,56.903,36.283,28.081,67.0,36.1,33.7
2024-04-22,56.903,36.283,28.081,67.0,36.1,33.7
2024-04-23,56.903,36.283,28.081,67.0,36.1,33.7
2024-04-24,56.903,36.283,28.081,67.0,36.1,33.7
2024-04-25,56.903,36.283,28.081,67.0,36.1,33.7
2024-04-26,56.918,36.313,28.109,67.0,36.1,33.7
2024-04-29,56.918,36.313,28.109,67.0,36.1,33.7
2024-04-30,56.918,36.313,28.109,67.0,36.1,33.7
2024-05-01,56.918,36.313,28.109,67.0,36.1,33.7
2024-05-02,56.918,36.313,28.109,67.0,36.1,33.7
2024-05-03,56.992,36.353,28.12,67.0,36.1,33.7
2024-05-06,56.992,36.353,28.12,67.625,36.25,34.25
2024-05-07,56.992,36.353,28.12,67.625,36.25,34.25
2024-05-08,56.992,36.353,28.12,67.625,36.25,34.25
2024-05-09,56.992,36.353,28.12,67.625,36.25,34.25
2024-05-10,57.101,36.446,28.179,67.625,36.25,34.25
2024-05-13,57.101,36.446,28.179,67.625,36.25,34.25
2024-05-14,57.101,36.446,28.179,67.625,36.25,34.25
2024-05-15,57.101,36.446,28.179,67.625,36.25,34.25
2024-05-16,57.101,36.446,28.179,67.625,36.25,34.25
2024-05-17,57.199,36.574,28.547,67.625,36.25,34.25
2024-05-20,57.199,36.574,28.547,67.625,36.25,34.25
2024-05-21,57.199,36.574,28.547,67.625,36.25,34.25
2024-05-22,57.199,36.574,28.547,67.625,36.25,34.25
2024-05-23,57.199,36.574,28.547,67.625,36.25,34.25
2024-05-24,57.249,36.574,28.597,67.625,36.25,34.25
2024-05-27,57.249,36.574,28.597,67.625,36.25,34.25
2024-05-28,57.249,36.574,28.597,67.625,36.25,34.25
2024-05-29,57.249,36.574,28.597,67.625,36.25,34.25
2024-05-30,57.249,36.574,28.597,67.625,36.25,34.25
2024-05-31,57.414,36.677,28.569,67.625,36.25,34.25
2024-06-03,57.414,36.677,28.569,67.625,36.25,34.25
2024-06-04,57.414,36.677,28.569,67.625,36.25,34.25
2024-06-05,57.414,36.677,28.569,67.625,36.25,34.25
2024-06-06,57.414,36.677,28.569,67.625,36.25,34.25
2024-06-07,57.344,36.721,28.609,67.625,36.25,34.25
2024-06-10,57.344,36.721,28.609,67.875,36.5,34.45
2024-06-11,57.344,36.721,28.609,67.875,36.5,34.45
2024-06-12,57.344,36.721,28.609,67.875,36.5,34.45
2024-06-13,57.344,36.721,28.609,67.875,36.5,34.45
2024-06-14,57.347,36.724,28.556,67.875,36.5,34.45
2024-06-17,57.347,36.724,28.556,67.875,36.5,34.45
2024-06-18,57.347,36.724,28.556,67.875,36.5,34.45
2024-06-19,57.347,36.724,28.556,67.875,36.5,34.45
2024-06-20,57.347,36.724,28.556,67.875,36.5,34.45
2024-06-21,58.06,37.037,28.669,67.875,36.5,34.45
2024-06-24,58.06,37.037,28.669,67.875,36.5,34.45
2024-06-25,58.06,37.037,28.669,67.875,36.5,34.45
2024-06-26,58.06,37.037,28.669,67.875,36.5,34.45
2024-06-27,58.06,37.037,28.669,67.875,36.5,34.45
2024-06-28,58.823,37.12,28.699,67.875,36.5,34.45
2024-07-01,58.823,37.12,28.699,67.875,36.5,34.45
2024-07-02,58.823,37.12,28.699,67.875,36.5,34.45
2024-07-03,58.823,37.12,28.699,67.875,36.5,34.45
2024-07-04,58.823,37.12,28.699,67.875,36.5,34.45
2024-07-05,59.142,37.194,28.867,67.875,36.5,34.45
2024-07-08,59.142,37.194,28.867,70.375,36.9,34.85
